Mes Disponibilização,Município,CPF Beneficiário,NIS Beneficiário,Beneficiário,Observação,Enquadramento,Parcela,Valor Disponibilizado
01/2022,TANGUÁ,***.210.377-**,00000000000,CLAUDINEY COELHO DOS SANTOS,Valor devolvido à União.,EXTRACAD,1ª,3000.0
01/2022,TANGUÁ,***.140.127-**,00000000000,WINDSON DE SOUZA JOSE,Não há,EXTRACAD,1ª,3000.0
01/2022,TANGUÁ,***.571.197-**,00000000000,ALEXANDRE FIGUEIREDO COSTA,Não há,EXTRACAD,1ª,3000.0
01/2022,TANGUÁ,***.898.457-**,00000000000,LUIZ MIGUEL CAPUTO PINERUA,Não há,EXTRACAD,1ª,3000.0
01/2022,TANGUÁ,***.793.127-**,00000000000,LUCAS FARIAS ARRULO,Não há,EXTRACAD,1ª,3000.0
01/2022,TANGUÁ,***.545.587-**,00000000000,VITOR DA CONCEICAO BATISTA NOGUEIRA,Não há,EXTRACAD,1ª,3000.0
01/2022,TANGUÁ,***.900.247-**,00000000000,GILMAR LOURENCO DA SILVA,Não há,EXTRACAD,1ª,3000.0
01/2022,TANGUÁ,***.796.947-**,00000000000,YAGO PACHECO ANTUNES FRANCO,Não há,EXTRACAD,1ª,3000.0
01/2022,TANGUÁ,***.802.037-**,00000000000,CLAUDEMIR FRANCISCO DE OLIVEIRA,Não há,EXTRACAD,1ª,3000.0
01/2022,TANGUÁ,***.027.467-**,00000000000,DIOGO ALVES MORAES MATTOS,Não há,EXTRACAD,1ª,3000.0
01/2022,TANGUÁ,***.362.477-**,00000000000,VAGNER LUCIANO TORRES,Não há,EXTRACAD,1ª,3000.0
01/2022,TANGUÁ,***.894.567-**,00000000000,RAFAEL DA ROCHA ALVES,Não há,EXTRACAD,1ª,3000.0
01/2022,TANGUÁ,***.085.047-**,00000000000,WANDER FRAGA QUERES,Não há,EXTRACAD,1ª,3000.0
01/2022,TANGUÁ,***.809.127-**,00000000000,EDSON VIEIRA RANGEL,Valor devolvido à União.,EXTRACAD,1ª,3000.0
01/2022,TANGUÁ,***.152.957-**,00000000000,SILVIO CORREIA FERREIRA,Não há,EXTRACAD,1ª,3000.0
01/2022,TANGUÁ,***.352.847-**,00000000000,GEOVANE DE SOUZA PINTO,Valor devolvido à União.,EXTRACAD,1ª,3000.0
01/2022,TANGUÁ,***.156.427-**,00000000000,RAI ALVES PAULINO,Não há,EXTRACAD,1ª,3000.0
01/2022,TANGUÁ,***.511.457-**,00000000000,GABRIEL JOSE DE SOUZA,Não há,EXTRACAD,1ª,3000.0
01/2022,TANGUÁ,***.908.197-**,00000000000,TIAGO BRANDAO PAIVA,Não há,EXTRACAD,1ª,1800.0
01/2022,TANGUÁ,***.748.047-**,00000000000,SAMUEL FERREIRA DE SOUZA,Não há,EXTRACAD,1ª,3000.0
01/2022,TANGUÁ,***.132.946-**,00000000000,LUIZ ALBERTO ALVARENGA GOMES,Não há,EXTRACAD,1ª,3000.0
01/2022,TANGUÁ,***.507.197-**,00000000000,ROBERTO CARLOS NEVES DA SILVA,Não há,EXTRACAD,1ª,3000.0
01/2022,TANGUÁ,***.488.547-**,00000000000,SAMUEL CARVALHO GOMES DA SILVA,Não há,EXTRACAD,1ª,3000.0
01/2022,TANGUÁ,***.673.637-**,00000000000,MARCUS VINICIUS ALVES FIDELIS,Não há,EXTRACAD,1ª,3000.0
01/2022,TANGUÁ,***.323.367-**,00000000000,LEANDRO ANTONIO DA SILVA,Não há,EXTRACAD,1ª,3000.0
01/2022,TANGUÁ,***.571.767-**,00000000000,GLADSON DA SILVA GOUVEIA,Não há,EXTRACAD,1ª,3000.0
01/2022,TANGUÁ,***.923.197-**,00000000000,JAILSON GOMES NASCIMENTO,Valor devolvido à União.,EXTRACAD,1ª,3000.0
01/2022,TANGUÁ,***.940.017-**,00000000000,MARCIO LEDOVINO RODRIGUES,Não há,EXTRACAD,1ª,3000.0
01/2022,TANGUÁ,***.131.687-**,00000000000,JHOSEPH CANESSO WERNER DA COSTA AZEREDO,Não há,EXTRACAD,1ª,3000.0
01/2022,TANGUÁ,***.919.657-**,00000000000,ANDRE DE SOUZA BARBOZA,Não há,EXTRACAD,1ª,1800.0
01/2022,TANGUÁ,***.780.117-**,00000000000,EDUARDO GOMES DE AQUINO,Não há,EXTRACAD,1ª,3000.0
01/2022,TANGUÁ,***.229.727-**,00000000000,JOSE PAULO MARINS DA SILVA,Não há,EXTRACAD,1ª,3000.0
01/2022,TANGUÁ,***.289.017-**,00000000000,JOAO PEDRO DA COSTA SANTOS,Valor devolvido à União.,EXTRACAD,1ª,3000.0
01/2022,TANGUÁ,***.873.777-**,00000000000,ADAO FRANCISCO DA SILVA,Não há,EXTRACAD,1ª,3000.0
01/2022,TANGUÁ,***.253.567-**,00000000000,CLEBER DE PAULA BATISTA,Não há,EXTRACAD,1ª,3000.0
01/2022,TANGUÁ,***.246.927-**,00000000000,CLEIVISON DA SILVA BATISTA,Não há,EXTRACAD,1ª,3000.0
01/2022,TANGUÁ,***.182.457-**,00000000000,EGNELSON BRAGA ANTUNES,Não há,EXTRACAD,1ª,3000.0
01/2022,TANGUÁ,***.868.057-**,00000000000,FABIO DA SILVA PACHECO,Valor devolvido à União.,EXTRACAD,1ª,3000.0
01/2022,TANGUÁ,***.069.387-**,00000000000,JORGE ANTUNES PEREIRA,Valor devolvido à União.,EXTRACAD,1ª,3000.0
01/2022,TANGUÁ,***.616.177-**,00000000000,JONATHAN FERREIRA LEITE DE OLIVEIRA,Não há,EXTRACAD,1ª,3000.0
01/2022,TANGUÁ,***.286.357-**,00000000000,RODRIGO ALVES DA SILVA,Não há,EXTRACAD,1ª,3000.0
01/2022,TANGUÁ,***.021.487-**,00000000000,CARLOS VINICIUS DE PAULA SILVA,Não há,EXTRACAD,1ª,3000.0
01/2022,TANGUÁ,***.140.417-**,00000000000,EDUARDO SILVA CORREA,Não há,EXTRACAD,1ª,3000.0
01/2022,TANGUÁ,***.538.967-**,00000000000,JUAN VIEIRA MONTEIRO,Não há,EXTRACAD,1ª,3000.0
01/2022,TANGUÁ,***.577.527-**,00000000000,UESLI LAUNE DE ABREU,Não há,EXTRACAD,1ª,3000.0
01/2022,TANGUÁ,***.945.787-**,00000000000,ALAN COUTO FARIA,Valor devolvido à União.,EXTRACAD,1ª,3000.0
01/2022,TANGUÁ,***.190.767-**,00000000000,DJALMA DO NASCIMENTO,Valor devolvido à União.,EXTRACAD,1ª,3000.0
01/2022,TANGUÁ,***.145.907-**,00000000000,WILIAN DA SILVA MENDONCA,Não há,EXTRACAD,1ª,1800.0
01/2022,TANGUÁ,***.343.527-**,00000000000,ANDRE SIQUEIRA DA SILVA,Não há,EXTRACAD,1ª,3000.0
01/2022,TANGUÁ,***.134.407-**,00000000000,FRANCISCO LUIZ LOPES,Não há,EXTRACAD,1ª,3000.0
01/2022,TANGUÁ,***.938.727-**,00000000000,ELIAN COUPERTINO DA SILVA,Não há,EXTRACAD,1ª,3000.0
01/2022,TANGUÁ,***.902.047-**,00000000000,GABRIEL ROSA PEIXOTO,Não há,EXTRACAD,1ª,3000.0
01/2022,TANGUÁ,***.223.027-**,00000000000,WILLIAN D AVILA DE FREITAS,Valor devolvido à União.,EXTRACAD,1ª,3000.0
01/2022,TANGUÁ,***.671.427-**,00000000000,FABRICIO DE SOUZA CONCEICAO BINO,Não há,EXTRACAD,1ª,3000.0
01/2022,TANGUÁ,***.478.557-**,00000000000,ALEXSANDER ROQUE PAZ DUARTE,Não há,EXTRACAD,1ª,3000.0
01/2022,TANGUÁ,***.983.547-**,00000000000,CARLOS EDUARDO SOUZA SILVA,Valor devolvido à União.,EXTRACAD,1ª,3000.0
01/2022,TANGUÁ,***.419.727-**,00000000000,GILVAN PEREIRA ALEXANDRE,Valor devolvido à União.,EXTRACAD,1ª,3000.0
01/2022,TANGUÁ,***.719.327-**,00000000000,AGRIMALDO DE ABREU SIGAIA,Não há,EXTRACAD,1ª,3000.0
01/2022,TANGUÁ,***.291.057-**,00000000000,THIAGO JOSE DE FIGUEIREDO SANTOS,Não há,EXTRACAD,1ª,3000.0
01/2022,TANGUÁ,***.864.587-**,00000000000,GEDEVALDO DA SILVA CONCEICAO,Valor devolvido à União.,EXTRACAD,1ª,3000.0
01/2022,TANGUÁ,***.537.657-**,00000000000,JORGE LUIZ BARRETO DE SOUZA,Não há,EXTRACAD,1ª,3000.0
01/2022,TANGUÁ,***.259.567-**,00000000000,JOABE DO NASCIMENTO PASSARINHO,Não há,EXTRACAD,1ª,3000.0
01/2022,TANGUÁ,***.199.827-**,00000000000,CARLOS HENRIQUE CORREA SOUZA,Não há,EXTRACAD,1ª,3000.0
01/2022,TANGUÁ,***.764.867-**,00000000000,JOVENIL JOSE DOS PASSOS,Não há,EXTRACAD,1ª,3000.0
01/2022,TANGUÁ,***.474.057-**,00000000000,ANGELO MARCIO FIUZAS MOREIRA,Não há,EXTRACAD,1ª,3000.0
01/2022,TANGUÁ,***.132.867-**,00000000000,RAFAEL CHAVES DA COSTA SA,Valor devolvido à União.,EXTRACAD,1ª,3000.0
01/2022,TANGUÁ,***.130.977-**,00000000000,ANDERSON GREY COSTA DA SILVA,Não há,EXTRACAD,1ª,3000.0
01/2022,TANGUÁ,***.280.747-**,00000000000,REGINALDO COUTO DA SILVA,Não há,EXTRACAD,1ª,3000.0
01/2022,TANGUÁ,***.977.487-**,00000000000,MARCELO CELESTINO DA COSTA,Não há,EXTRACAD,1ª,3000.0
01/2022,TANGUÁ,***.513.867-**,00000000000,DOUGLAS ALMEIDA SANTOS,Não há,EXTRACAD,1ª,3000.0
01/2022,TANGUÁ,***.374.877-**,00000000000,DANIEL BELINO LUIZ,Não há,EXTRACAD,1ª,600.0
01/2022,TANGUÁ,***.679.767-**,00000000000,VICTOR SIGAIA MARTINS MARCIANO,Não há,EXTRACAD,1ª,3000.0
01/2022,TANGUÁ,***.973.487-**,00000000000,ANTONIO ROGERIO DAMASCO ESCUDEIRO JUNIOR,Não há,EXTRACAD,1ª,3000.0
01/2022,TANGUÁ,***.962.037-**,00000000000,MARCOS SANTOS MARTINS,Não há,EXTRACAD,1ª,3000.0
01/2022,TANGUÁ,***.760.367-**,00000000000,GILSON RODRIGUES DA SILVA,Não há,EXTRACAD,1ª,3000.0
01/2022,TANGUÁ,***.422.967-**,00000000000,GUTEMBERG VIERA RANGEL,Não há,EXTRACAD,1ª,3000.0
01/2022,TANGUÁ,***.321.737-**,00000000000,GUILHERME TORRES CARDOSO,Não há,EXTRACAD,1ª,3000.0
01/2022,TANGUÁ,***.513.897-**,00000000000,MARCOS ANTONIO CRUZ CARVALHO JUNIOR,Valor devolvido à União.,EXTRACAD,1ª,3000.0
01/2022,TANGUÁ,***.874.157-**,00000000000,LEONARDO MACEDO DE FIGUEIREDO,Não há,EXTRACAD,1ª,3000.0
01/2022,TANGUÁ,***.862.767-**,00000000000,CLAUDIO MARMELO,Não há,EXTRACAD,1ª,3000.0
01/2022,TANGUÁ,***.740.487-**,00000000000,IVAN PEREIRA,Valor devolvido à União.,EXTRACAD,1ª,2400.0
01/2022,TANGUÁ,***.850.077-**,00000000000,MATHEUS CODECO RAMOS,Não há,EXTRACAD,1ª,3000.0
01/2022,TANGUÁ,***.016.497-**,00000000000,ANDRE JAMIR FELICIANO FELIX,Não há,EXTRACAD,1ª,3000.0
01/2022,TANGUÁ,***.428.567-**,00000000000,LEILTON ALVES CRESPO GUIMARAES,Não há,EXTRACAD,1ª,3000.0
01/2022,TANGUÁ,***.002.097-**,00000000000,THIAGO FONSECA DUTRA,Não há,EXTRACAD,1ª,3000.0
01/2022,TANGUÁ,***.689.667-**,00000000000,MARQUISON PABLO SCALZER,Pagamento bloqueado ou cancelado,EXTRACAD,1ª,3000.0
01/2022,TANGUÁ,***.428.877-**,00000000000,PAULO CESAR SOARES PIRES,Não há,EXTRACAD,1ª,3000.0
01/2022,TANGUÁ,***.991.257-**,00000000000,JULIO CESAR DE MORAIS,Valor devolvido à União.,EXTRACAD,1ª,3000.0
01/2022,TANGUÁ,***.485.087-**,00000000000,FABIO TORRES PARREIRAS,Valor devolvido à União.,EXTRACAD,1ª,600.0
01/2022,TANGUÁ,***.278.707-**,00000000000,GABRIEL DA CRUZ MARTINS,Não há,EXTRACAD,1ª,3000.0
01/2022,TANGUÁ,***.827.707-**,00000000000,ADRIANO CALDEIRA FRANCISCO,Valor devolvido à União.,EXTRACAD,1ª,3000.0
01/2022,TANGUÁ,***.074.487-**,00000000000,WILLIAN DE SOUZA OLIVEIRA,Não há,EXTRACAD,1ª,3000.0
01/2022,TANGUÁ,***.956.347-**,00000000000,MARCELO CRUZ DA SILVA,Valor devolvido à União.,EXTRACAD,1ª,3000.0
01/2022,TANGUÁ,***.905.487-**,00000000000,JOAO VICTOR MOURA LIMA,Não há,EXTRACAD,1ª,3000.0
01/2022,TANGUÁ,***.109.257-**,00000000000,JOSE RODRIGO LIMA DA SILVA,Não há,EXTRACAD,1ª,3000.0
01/2022,TANGUÁ,***.575.357-**,00000000000,WEVERSON DA SILVA ARAUJO,Valor devolvido à União.,EXTRACAD,1ª,600.0
01/2022,TANGUÁ,***.123.427-**,00000000000,CARLOS PEREIRA TRAVASSOS,Não há,EXTRACAD,1ª,3000.0
01/2022,TANGUÁ,***.442.917-**,00000000000,NATA AZEVEDO DA SILVA,Não há,EXTRACAD,1ª,3000.0
01/2022,TANGUÁ,***.252.617-**,00000000000,JHONNY PETERSON DA COSTA ANTUNES,Não há,EXTRACAD,1ª,3000.0
01/2022,TANGUÁ,***.576.377-**,00000000000,CARLOS AUGUSTO FERREIRA JUNIOR,Valor devolvido à União.,EXTRACAD,1ª,3000.0
01/2022,TANGUÁ,***.284.627-**,00000000000,FELIX CAMPOS SIGAIA,Não há,EXTRACAD,1ª,3000.0
01/2022,TANGUÁ,***.441.646-**,00000000000,JOSE VILMAR FARIA,Não há,EXTRACAD,1ª,3000.0
01/2022,TANGUÁ,***.449.337-**,00000000000,JULIO CESAR LIRIO BARRETO,Valor devolvido à União.,EXTRACAD,1ª,3000.0
01/2022,TANGUÁ,***.668.517-**,00000000000,RENATO CARDOSO DOS SANTOS,Não há,EXTRACAD,1ª,3000.0
01/2022,TANGUÁ,***.165.647-**,00000000000,ALAN COUTO OLIVEIRA,Não há,EXTRACAD,1ª,3000.0
01/2022,TANGUÁ,***.189.867-**,00000000000,EVERALDO DOS SANTOS MELO,Não há,EXTRACAD,1ª,3000.0
01/2022,TANGUÁ,***.861.497-**,00000000000,MARCOS AURELIO GOMES DE SOUZA FIGUEIREDO,Valor devolvido à União.,EXTRACAD,1ª,3000.0
01/2022,TANGUÁ,***.938.607-**,00000000000,IAN SA PACHECO,Valor devolvido à União.,EXTRACAD,1ª,3000.0
01/2022,TANGUÁ,***.645.457-**,00000000000,BRUNO CARDOZO TORRES,Valor devolvido à União.,EXTRACAD,1ª,3000.0
01/2022,TANGUÁ,***.563.507-**,00000000000,JOCELI FONSECA PESSANHA,Valor devolvido à União.,EXTRACAD,1ª,3000.0
01/2022,TANGUÁ,***.679.657-**,00000000000,ANDERSON LUIS ALVES DE CARVALHO,Não há,EXTRACAD,1ª,3000.0
01/2022,TANGUÁ,***.159.617-**,00000000000,ERENILSON DE ALMEIDA DOS SANTOS,Não há,EXTRACAD,1ª,3000.0
01/2022,TANGUÁ,***.289.537-**,00000000000,NICODEMUS MOREIRA DE PAULA,Não há,EXTRACAD,1ª,3000.0
01/2022,TANGUÁ,***.313.837-**,00000000000,ANDRE CAVALCANTE DE OLIVEIRA,Não há,EXTRACAD,1ª,3000.0
01/2022,TANGUÁ,***.367.407-**,00000000000,RAFAEL SILVA LEITE,Não há,EXTRACAD,1ª,3000.0
01/2022,TANGUÁ,***.678.527-**,00000000000,JHONATAN DA SILVA VIEIRA,Não há,EXTRACAD,1ª,3000.0
01/2022,TANGUÁ,***.865.317-**,00000000000,MAXSUEL DA CONCEICAO CARDOSO,Não há,EXTRACAD,1ª,3000.0
01/2022,TANGUÁ,***.120.677-**,00000000000,ANDRE VITOR MIRANDA ALVES,Não há,EXTRACAD,1ª,3000.0
01/2022,TANGUÁ,***.161.467-**,00000000000,MURILO ESPINDOLA MARIANO,Não há,EXTRACAD,1ª,3000.0
