Mes Disponibilização,Município,CPF Beneficiário,NIS Beneficiário,Beneficiário,Observação,Enquadramento,Parcela,Valor Disponibilizado
04/2022,TANGUÁ,***.097.707-**,20426575959,AZENIL FERREIRA DA ROSA,Não há,EXTRACAD,1ª,3000.0
04/2022,TANGUÁ,***.350.487-**,20766866380,LUCAS MARTINS DOS SANTOS,Não há,EXTRACAD,1ª,3000.0
04/2022,TANGUÁ,***.008.457-**,12096239429,ROBERTO ALDIR SERAFIM VICTORIO,Não há,EXTRACAD,1ª,3000.0
04/2022,TANGUÁ,***.882.297-**,20623209785,PEDRO HENRIQUE RANGEL DA CONCEICAO,Não há,EXTRACAD,1ª,3000.0
04/2022,TANGUÁ,***.352.857-**,12349744851,RONALDO SANTOS OLIVEIRA,Não há,EXTRACAD,1ª,3000.0
04/2022,TANGUÁ,***.055.487-**,13066554626,DOUGLAS VIEIRA GALLETE,Não há,EXTRACAD,1ª,3000.0
04/2022,TANGUÁ,***.798.726-**,12420269588,WANDERLEY MOURA DA SILVA,Não há,EXTRACAD,1ª,3000.0
04/2022,TANGUÁ,***.352.287-**,12950986546,JOSE ANTONIO DO NASCIMENTO CONCEICAO,Não há,EXTRACAD,1ª,3000.0
04/2022,TANGUÁ,***.883.927-**,20722073555,ROMILDO RANGEL MONTAGNER,Não há,EXTRACAD,1ª,3000.0
04/2022,TANGUÁ,***.612.317-**,20193795471,ANDRE RICARDO DA SILVA,Não há,EXTRACAD,1ª,3000.0
04/2022,TANGUÁ,***.164.907-**,20623302920,RODOLFO RODRIGO BARRETO CORREA,Não há,EXTRACAD,1ª,3000.0
04/2022,TANGUÁ,***.824.447-**,16022548455,FELIPE NEVES SOARES,Valor devolvido à União.,EXTRACAD,1ª,3000.0
04/2022,TANGUÁ,***.548.787-**,16677305687,PAULO SERGIO ALVES DA SILVA,Não há,EXTRACAD,1ª,3000.0
04/2022,TANGUÁ,***.169.447-**,12462130596,ADILSON DE OLIVEIRA SANTOS,Não há,EXTRACAD,1ª,3000.0
04/2022,TANGUÁ,***.794.117-**,12381129261,JOSE MARIA CRISTINO PINTO,Não há,EXTRACAD,1ª,3000.0
04/2022,TANGUÁ,***.273.517-**,12434503847,CLAUDIO LUIZ GAMA DUARTE,Não há,EXTRACAD,1ª,3000.0
04/2022,TANGUÁ,***.466.777-**,12334823475,DECIO FERREIRA,Não há,EXTRACAD,1ª,3000.0
04/2022,TANGUÁ,***.193.977-**,12782556543,UILIAN PEREIRA DA SILVA,Não há,EXTRACAD,1ª,3000.0
04/2022,TANGUÁ,***.173.657-**,12437757351,NICODEMOS VIEIRA DE MELLO,Valor devolvido à União.,EXTRACAD,1ª,3000.0
