Mes Disponibilização,Município,CPF Beneficiário,NIS Beneficiário,Beneficiário,Observação,Enquadramento,Parcela,Valor Disponibilizado
01/2021,TANGUÁ,***.386.517-**,00000000000,DANIEL DIAS LOPES,Não há,EXTRACAD,8ª,300.0
01/2021,TANGUÁ,***.386.517-**,00000000000,DANIEL DIAS LOPES,Não há,EXTRACAD,7ª,300.0
01/2021,TANGUÁ,***.386.517-**,00000000000,DANIEL DIAS LOPES,Não há,EXTRACAD,9ª,300.0
01/2021,TANGUÁ,***.974.687-**,00000000000,MARCELO ROSA GOMES,Valor devolvido à União.,EXTRACAD,5ª,600.0
01/2021,TANGUÁ,***.974.687-**,00000000000,MARCELO ROSA GOMES,Valor devolvido à União.,EXTRACAD,4ª,600.0
01/2021,TANGUÁ,***.147.747-**,00000000000,EVANI REIS BARRETO,Valor devolvido à União.,EXTRACAD,9ª,300.0
01/2021,TANGUÁ,***.147.747-**,00000000000,EVANI REIS BARRETO,Valor devolvido à União.,EXTRACAD,8ª,300.0
01/2021,TANGUÁ,***.147.747-**,00000000000,EVANI REIS BARRETO,Valor devolvido à União.,EXTRACAD,7ª,300.0
01/2021,TANGUÁ,***.472.057-**,00000000000,ANA BEATRIZ ARAUJO DA SILVA,Não há,EXTRACAD,5ª,600.0
01/2021,TANGUÁ,***.472.057-**,00000000000,ANA BEATRIZ ARAUJO DA SILVA,Não há,EXTRACAD,1ª,600.0
01/2021,TANGUÁ,***.472.057-**,00000000000,ANA BEATRIZ ARAUJO DA SILVA,Não há,EXTRACAD,3ª,600.0
01/2021,TANGUÁ,***.472.057-**,00000000000,ANA BEATRIZ ARAUJO DA SILVA,Não há,EXTRACAD,2ª,600.0
01/2021,TANGUÁ,***.472.057-**,00000000000,ANA BEATRIZ ARAUJO DA SILVA,Não há,EXTRACAD,4ª,600.0
01/2021,TANGUÁ,***.171.197-**,00000000000,FELIPE JOSE CHAVES PORTO DE LIMA,Não há,EXTRACAD,3ª,600.0
01/2021,TANGUÁ,***.171.197-**,00000000000,FELIPE JOSE CHAVES PORTO DE LIMA,Não há,EXTRACAD,4ª,600.0
01/2021,TANGUÁ,***.364.267-**,20657285549,ADRIANA SOUZA DAVILA DA SILVA,Pagamento bloqueado ou cancelado,CADUNICO,5ª,600.0
01/2021,TANGUÁ,***.167.277-**,00000000000,VALDENIR CARDOSO DE MENDONCA,Não há,EXTRACAD,6ª,300.0
01/2021,TANGUÁ,***.801.087-**,00000000000,LARISSA MAIRA LUCIO ROCHA,Pagamento bloqueado ou cancelado,EXTRACAD,5ª,600.0
01/2021,TANGUÁ,***.855.047-**,00000000000,THAMIRES DOS SANTOS SOUZA,Pagamento bloqueado ou cancelado,EXTRACAD,3ª,600.0
01/2021,TANGUÁ,***.855.047-**,00000000000,THAMIRES DOS SANTOS SOUZA,Pagamento bloqueado ou cancelado,EXTRACAD,4ª,600.0
01/2021,TANGUÁ,***.855.047-**,00000000000,THAMIRES DOS SANTOS SOUZA,Pagamento bloqueado ou cancelado,EXTRACAD,5ª,600.0
01/2021,TANGUÁ,***.118.937-**,00000000000,JOAO PAULO CALDAS REZENDE LIMA,Não há,EXTRACAD,7ª,300.0
01/2021,TANGUÁ,***.118.937-**,00000000000,JOAO PAULO CALDAS REZENDE LIMA,Não há,EXTRACAD,8ª,300.0
01/2021,TANGUÁ,***.118.937-**,00000000000,JOAO PAULO CALDAS REZENDE LIMA,Não há,EXTRACAD,9ª,300.0
01/2021,TANGUÁ,***.171.197-**,00000000000,FELIPE JOSE CHAVES PORTO DE LIMA,Não há,EXTRACAD,5ª,600.0
01/2021,TANGUÁ,***.313.567-**,00000000000,FLAVIO DA SILVA ROSA,Pagamento bloqueado ou cancelado,EXTRACAD,5ª,600.0
01/2021,TANGUÁ,***.167.277-**,00000000000,VALDENIR CARDOSO DE MENDONCA,Não há,EXTRACAD,7ª,300.0
01/2021,TANGUÁ,***.344.377-**,00000000000,CELIA PEIXOTO DOS SANTOS,Pagamento bloqueado ou cancelado,EXTRACAD,4ª,1200.0
01/2021,TANGUÁ,***.488.547-**,00000000000,SAMUEL CARVALHO GOMES DA SILVA,Não há,EXTRACAD,6ª,300.0
01/2021,TANGUÁ,***.488.547-**,00000000000,SAMUEL CARVALHO GOMES DA SILVA,Não há,EXTRACAD,8ª,300.0
01/2021,TANGUÁ,***.488.547-**,00000000000,SAMUEL CARVALHO GOMES DA SILVA,Não há,EXTRACAD,7ª,300.0
01/2021,TANGUÁ,***.085.817-**,20469154998,AMANDA CHAVES ANTUNES VALENTIM,Pagamento bloqueado ou cancelado,CADUNICO,5ª,600.0
01/2021,TANGUÁ,***.344.377-**,00000000000,CELIA PEIXOTO DOS SANTOS,Pagamento bloqueado ou cancelado,EXTRACAD,3ª,1200.0
01/2021,TANGUÁ,***.344.377-**,00000000000,CELIA PEIXOTO DOS SANTOS,Pagamento bloqueado ou cancelado,EXTRACAD,5ª,1200.0
01/2021,TANGUÁ,***.723.877-**,00000000000,BRUNA FIGUEIREDO DE SOUZA,Pagamento bloqueado ou cancelado,EXTRACAD,5ª,600.0
01/2021,TANGUÁ,***.030.587-**,00000000000,GABRIEL QUINTANILHA SANTOS,Valor devolvido à União.,EXTRACAD,7ª,300.0
01/2021,TANGUÁ,***.030.587-**,00000000000,GABRIEL QUINTANILHA SANTOS,Valor devolvido à União.,EXTRACAD,8ª,300.0
01/2021,TANGUÁ,***.723.877-**,00000000000,BRUNA FIGUEIREDO DE SOUZA,Pagamento bloqueado ou cancelado,EXTRACAD,3ª,600.0
01/2021,TANGUÁ,***.723.877-**,00000000000,BRUNA FIGUEIREDO DE SOUZA,Pagamento bloqueado ou cancelado,EXTRACAD,4ª,600.0
01/2021,TANGUÁ,***.786.407-**,00000000000,MARIA MADALENA VIEIRA DE MELLO,Pagamento bloqueado ou cancelado,EXTRACAD,5ª,600.0
01/2021,TANGUÁ,***.786.407-**,00000000000,MARIA MADALENA VIEIRA DE MELLO,Pagamento bloqueado ou cancelado,EXTRACAD,4ª,600.0
01/2021,TANGUÁ,***.030.587-**,00000000000,GABRIEL QUINTANILHA SANTOS,Valor devolvido à União.,EXTRACAD,9ª,300.0
01/2021,TANGUÁ,***.546.427-**,00000000000,KARINA GAIOTE DOS SANTOS SOARES,Não há,EXTRACAD,5ª,600.0
01/2021,TANGUÁ,***.379.997-**,00000000000,BEATRIZ FREITAS SANTOS,Pagamento bloqueado ou cancelado,EXTRACAD,5ª,1200.0
01/2021,TANGUÁ,***.045.411-**,00000000000,ALBINO JOSE DE LIMA JUNIOR,Pagamento bloqueado ou cancelado,EXTRACAD,5ª,600.0
01/2021,TANGUÁ,***.634.857-**,12647860620,ALICE APARECIDA VIEIRA SOUZA,Pagamento bloqueado ou cancelado,CADUNICO,5ª,600.0
01/2021,TANGUÁ,***.891.617-**,00000000000,CLAUDIA MICHELONI,Valor devolvido à União.,EXTRACAD,5ª,600.0
01/2021,TANGUÁ,***.302.737-**,16134605574,ANDRESSA DAVILA DA SILVA,Pagamento bloqueado ou cancelado,CADUNICO,5ª,600.0
01/2021,TANGUÁ,***.500.117-**,00000000000,DAYRLON VALOZ PERERIRA BARCELO,Pagamento bloqueado ou cancelado,EXTRACAD,5ª,600.0
01/2021,TANGUÁ,***.500.117-**,00000000000,DAYRLON VALOZ PERERIRA BARCELO,Pagamento bloqueado ou cancelado,EXTRACAD,4ª,600.0
01/2021,TANGUÁ,***.073.927-**,16606564655,SIMONE DA CONCEICAO DA SILVA,Pagamento bloqueado ou cancelado,CADUNICO,5ª,600.0
01/2021,TANGUÁ,***.073.927-**,16606564655,SIMONE DA CONCEICAO DA SILVA,Pagamento bloqueado ou cancelado,CADUNICO,4ª,600.0
01/2021,TANGUÁ,***.073.927-**,16606564655,SIMONE DA CONCEICAO DA SILVA,Pagamento bloqueado ou cancelado,CADUNICO,3ª,600.0
01/2021,TANGUÁ,***.299.727-**,00000000000,ADRIANA DO NASCIMENTO SOUSA,Pagamento bloqueado ou cancelado,EXTRACAD,5ª,600.0
01/2021,TANGUÁ,***.310.037-**,00000000000,GRASIELLI DOS REIS MOURA,Não há,CADUNICO,6ª,300.0
01/2021,TANGUÁ,***.310.037-**,00000000000,GRASIELLI DOS REIS MOURA,Não há,CADUNICO,9ª,300.0
01/2021,TANGUÁ,***.310.037-**,00000000000,GRASIELLI DOS REIS MOURA,Não há,CADUNICO,7ª,300.0
01/2021,TANGUÁ,***.310.037-**,00000000000,GRASIELLI DOS REIS MOURA,Não há,CADUNICO,8ª,300.0
01/2021,TANGUÁ,***.827.777-**,00000000000,CRISTIANA DOS SANTOS DA SILVA,Não há,EXTRACAD,8ª,300.0
01/2021,TANGUÁ,***.827.777-**,00000000000,CRISTIANA DOS SANTOS DA SILVA,Não há,EXTRACAD,6ª,300.0
01/2021,TANGUÁ,***.847.757-**,00000000000,WAGNER LUIZ RODRIGUES NETO,Pagamento bloqueado ou cancelado,EXTRACAD,4ª,600.0
01/2021,TANGUÁ,***.606.237-**,16606492484,NAIARA DA CONCEICAO DA SILVA,Pagamento bloqueado ou cancelado,CADUNICO,4ª,600.0
01/2021,TANGUÁ,***.606.237-**,16606492484,NAIARA DA CONCEICAO DA SILVA,Pagamento bloqueado ou cancelado,CADUNICO,5ª,600.0
01/2021,TANGUÁ,***.914.737-**,16621078162,SUELEN MARCOLINO PORTUGAL,,BOLSA FAMILIA,4ª,242.0
01/2021,TANGUÁ,***.827.777-**,00000000000,CRISTIANA DOS SANTOS DA SILVA,Não há,EXTRACAD,7ª,300.0
01/2021,TANGUÁ,***.847.757-**,00000000000,WAGNER LUIZ RODRIGUES NETO,Pagamento bloqueado ou cancelado,EXTRACAD,5ª,600.0
01/2021,TANGUÁ,***.606.237-**,16606492484,NAIARA DA CONCEICAO DA SILVA,Pagamento bloqueado ou cancelado,CADUNICO,3ª,600.0
01/2021,TANGUÁ,***.714.747-**,00000000000,VIVIANE DOS SANTOS SILVA,Não há,EXTRACAD,1ª,1200.0
01/2021,TANGUÁ,***.714.747-**,00000000000,VIVIANE DOS SANTOS SILVA,Não há,EXTRACAD,3ª,1200.0
01/2021,TANGUÁ,***.714.747-**,00000000000,VIVIANE DOS SANTOS SILVA,Não há,EXTRACAD,2ª,1200.0
01/2021,TANGUÁ,***.393.557-**,00000000000,HAYGOR CARVALHO MARTINS,Valor devolvido à União.,EXTRACAD,6ª,300.0
01/2021,TANGUÁ,***.393.557-**,00000000000,HAYGOR CARVALHO MARTINS,Valor devolvido à União.,EXTRACAD,8ª,300.0
01/2021,TANGUÁ,***.393.557-**,00000000000,HAYGOR CARVALHO MARTINS,Valor devolvido à União.,EXTRACAD,7ª,300.0
01/2021,TANGUÁ,***.714.747-**,00000000000,VIVIANE DOS SANTOS SILVA,Não há,EXTRACAD,4ª,1200.0
01/2021,TANGUÁ,***.102.227-**,21212391170,ELIZABETH DIOGO DE SOUZA,,BOLSA FAMILIA,3ª,420.0
